"user","hash"
"qwertz","15E2B0D3C33891EBB0F1EF609EC419420C20E320CE94C65FBC8C3312448EB225"
"asdfgh","AB6FE9A42C5BD72E2AB702544044122E2A6F2FEE59E47A9554655695A2CAF8A0"
"wertzuiop?","AB6FE9A42C5BD72E2AB702544044122E2A6F2FEE59E47A9554655695A2CAF8A0"
"ertzui","AB6FE9A42C5BD72E2AB702544044122E2A6F2FEE59E47A9554655695A2CAF8A0"
"dfghjkl","938F40538BA611915BDD5A3FC7E58C53E76AB7FE86ACB4177F0F8C5A68C3752C"
"wertzuio","B2DF24821C6A38ECE778D4FF3C16AB3A4CFB2BFD5AEC288FBB29B8E2D845B1A5"
"12345678sdfghjklA","DB19D99E822FE17FD5B18853ED260081D12B01814680812EF5F584B3E82E93C4"
"fghjkl","F65271CB85F3E13BA578E53B2852040CD9858F1F6D82B709F4FEB689420B2D16"
"fghjkl","FBE3378DA3D154DF6D0898AEB6EDABAD767040C1389E03CFD13DB59F9644ED1E"
"rtzuio","5C804785B0550F311F64826024E1BF850D241A456136DB7C869C5F59ED2F7A5D"
"dfvbhjukm,klop","87DF68AA9421255D6656A990C5C0C2C0A11207E257B41175B3DA63121077C669"
"","87DF68AA9421255D6656A990C5C0C2C0A11207E257B41175B3DA63121077C669"
"fghjk","820B05819395D84036C9803605247D7E246FF83BB91D192C5A3D6B6690511497"
"qwertzuiop?","3929044F7BF0A8803F9884FB0650A9DFB4F1CACA81F57ADAD4488760D1035387"
"rtfgf78h68zujrt","8CB3F803DD1FA3DC6B0ADAA8A10AD9BB8305BF804E098553C0D3E10DF15628C2"
"witrgws bcu83u6973eu))(/&)","090C49B3E9D1D284661BC54AFDF9395EBD1E6447B164E257D5FA278822AB67EB"
"fghj","02C1A2EB1DA52997F25202A52A70CFCCBF75856898F1FB07E16DAC06712F8920"
"sbdfh","1B3A9E295D0D9999EB1D07F89A2AF9BECA512B17124992AC956294AF6071E2D5"
"","1B3A9E295D0D9999EB1D07F89A2AF9BECA512B17124992AC956294AF6071E2D5"
"rtzui","8425EC06E9D0CF8A3F3825B24E5F5E77240BBBAA3A2BBE8A3BF449BB642EF225"
"hallo","D3751D33F9CD5049C4AF2B462735457E4D3BAF130BCBB87F389E349FBAEB20B9"
"dudu","15E2B0D3C33891EBB0F1EF609EC419420C20E320CE94C65FBC8C3312448EB225"
